,Latitude,Longitude,Site Type,Zone,Agglomeration,Local Authority
Aberdeen Anderson Dr,57.128567,-2.125447,Urban Traffic,North East Scotland,,Aberdeen
Aberdeen King Street,57.169738,-2.095348,Urban Traffic,North East Scotland,,Aberdeen
Aberdeen Market Street 2,57.141922,-2.091664,Urban Traffic,North East Scotland,,Aberdeen
Aberdeen Union Street Roadside,57.144555,-2.106472,Urban Traffic,North East Scotland,,Aberdeen
Aberdeen Wellington Road,57.134195,-2.093968,Urban Traffic,North East Scotland,,Aberdeen
Alloa A907,56.117343,-3.791818,Urban Traffic,North East Scotland,,Clackmannanshire
Amvale Osiris,53.5679,-0.6223,Unknown,Yorkshire & Humberside,,N Lincolnshire
Anglesey Brynteg,53.307155,-4.274216,Rural Industrial,North Wales,,Anglesey
Anglesey Felin Cafnan,53.410479,-4.493642,Rural Background,North Wales,,Anglesey
Anglesey Llynfaes,53.290642,-4.406563,Rural Industrial,North Wales,,Anglesey
Anglesey Penhesgyn 2,53.24528,-4.199496,Rural Background,North Wales,,Anglesey
Anglesey Penhesgyn 3,53.24528,-4.199496,Rural Industrial,North Wales,,Anglesey
Angus Forfar Glamis Rd,56.642076,-2.894328,Urban Traffic,North East Scotland,,Angus
Ballymena Ballykeel,,,,,,
Bexley - Belvedere,51.49061,0.158914,Suburban Background,Greater London,Greater London Urban Area,Bexley
Bexley - Belvedere West,51.494649,0.137279,Urban Background,Greater London,Greater London Urban Area,Bexley
Bexley - Thamesmead,51.510808,0.121617,Suburban Background,Greater London,Greater London Urban Area,Bexley
Birmingham Airport 2,52.455719,-1.743912,Suburban Industrial,West Midlands,West Midlands Urban Area,Solihull
Bolton A579 Derby Street,53.573002,-2.435176,Urban Traffic,North West & Merseyside,Greater Manchester Urban Area,Bolton
Caerphilly Fochriw,51.745386,-3.293822,Urban Traffic,South Wales,,Caerphilly
"Calne, New Road 2",51.436345,-2.004275,Urban Traffic,South West,,Wiltshire
Cambridge Gonville Place,52.199575,0.12774,Urban Traffic,Eastern,,Cambridge
Cambridge Newmarket Road,52.20843,0.141521,Urban Traffic,Eastern,,Cambridge
Camden - Euston Road,51.527975,-0.128774,Urban Traffic,Greater London,Greater London Urban Area,Camden
Cardiff Castle Street,51.48113,-3.18143,Urban Traffic,South Wales,Cardiff Urban Area,Cardiff
Cheshire West & Chester - Helsby,53.273269,-2.773889,Urban Background,North West & Merseyside,,Cheshire W
Crawley - Gatwick Airport,51.158094,-0.150715,Urban Background,South East,,Crawley
Dacorum Northchurch High Street,51.770339,-0.591364,Urban Traffic,Eastern,,Dacorum
Dundee Broughty Ferry Road,56.467332,-2.943423,Urban Industrial,North East Scotland,,Dundee
Dundee Lochee Road,56.465126,-2.993867,Urban Traffic,North East Scotland,,Dundee
Dundee Mains Loan,56.475434,-2.959861,Urban Background,North East Scotland,,Dundee
Dundee Meadowside,56.464258,-2.971386,Urban Traffic,North East Scotland,,Dundee
Dundee Seagate,56.462383,-2.96739,Urban Traffic,North East Scotland,,Dundee
Dundee Whitehall Street,56.45974,-2.970708,Urban Traffic,North East Scotland,,Dundee
E Ayrshire Kilmarnock St Marnock St,55.607469,-4.497986,Urban Traffic,Central Scotland,,E Ayrshire
Ealing - Southall FDMS,51.508516,-0.392208,Urban Background,Greater London,Greater London Urban Area,Ealing
Ealing Green Quarter,51.508321,-0.391312,Suburban Background,Greater London,Greater London Urban Area,Ealing
East Dunbartonshire Bearsden,55.919596,-4.333505,Urban Traffic,Central Scotland,Glasgow Urban Area,E Dunbartonshire
East Dunbartonshire Bishopbriggs,55.904167,-4.225,Urban Traffic,Central Scotland,Glasgow Urban Area,E Dunbartonshire
East Dunbartonshire Kirkintilloch,55.935921,-4.151759,Urban Traffic,Central Scotland,,E Dunbartonshire
East Dunbartonshire Milngavie ,55.938253,-4.317753,Urban Traffic,Central Scotland,Glasgow Urban Area,E Dunbartonshire
East Herts Hertford Gascoyne Way,51.795569,-0.076225,Urban Traffic,Eastern,,E Hertfordshire
Edinburgh Currie,55.896909,-3.31966,Suburban Background,Central Scotland,Edinburgh Urban Area,Edinburgh
Edinburgh Glasgow Road,55.939026,-3.392727,Urban Traffic,Central Scotland,,Edinburgh
Edinburgh Nicolson Street,55.94476,-3.183991,Urban Traffic,Central Scotland,Edinburgh Urban Area,Edinburgh
Edinburgh Queensferry Road,55.960497,-3.30325,Urban Traffic,Central Scotland,Edinburgh Urban Area,Edinburgh
Edinburgh Salamander St,55.974594,-3.161455,Urban Traffic,Central Scotland,Edinburgh Urban Area,Edinburgh
Edinburgh St John's Road,55.9425,-3.281111,Urban Traffic,Central Scotland,Edinburgh Urban Area,Edinburgh
Edinburgh Tower Street,55.976262,-3.163964,Urban Traffic,Central Scotland,Edinburgh Urban Area,Edinburgh
Falkirk Banknock,55.988456,-3.969288,Urban Traffic,Central Scotland,,Falkirk
Falkirk Grangemouth MC,56.018951,-3.721013,Urban Background,Central Scotland,,Falkirk
Falkirk Grangemouth Zetland Park,56.010894,-3.718233,Urban Traffic,Central Scotland,,Falkirk
Falkirk Haggs,55.991087,-3.941685,Urban Traffic,Central Scotland,,Falkirk
Falkirk Hope St,56.001956,-3.786485,Urban Traffic,Central Scotland,,Falkirk
Falkirk Main St Bainsford,56.013572,-3.789022,Urban Traffic,Central Scotland,,Falkirk
Falkirk West Bridge Street,56.000507,-3.790128,Urban Traffic,Central Scotland,,Falkirk
Fife Cupar,56.319444,-3.014167,Urban Traffic,Central Scotland,,Fife
Fife Dunfermline,56.07383,-3.44862,Urban Traffic,Central Scotland,,Fife
Fife Kirkcaldy,56.124331,-3.141347,Urban Traffic,Central Scotland,,Fife
Fife Rosyth,56.036243,-3.417582,Urban Traffic,Central Scotland,,Fife
Gateshead A1 Dunston,54.951529,-1.649945,Urban Traffic,North East,Tyneside,Gateshead
Gateshead Angel of the North,54.912184,-1.58501,Urban Traffic,North East,,Gateshead
Gateshead Lychgate Court,54.962008,-1.597121,Urban Traffic,North East,Tyneside,Gateshead
Gateshead Tyne Bridge,54.965696,-1.603455,Urban Traffic,North East,Tyneside,Gateshead
Glasgow Anderston,55.861667,-4.271389,Urban Background,Central Scotland,Glasgow Urban Area,Glasgow
Glasgow Broomhill,55.87603,-4.318754,Urban Traffic,Central Scotland,Glasgow Urban Area,Glasgow
Glasgow Byres Road,55.874167,-4.294722,Urban Traffic,Central Scotland,Glasgow Urban Area,Glasgow
Glasgow Dumbarton Road,55.870766,-4.318448,Urban Traffic,Central Scotland,Glasgow Urban Area,Glasgow
Glasgow Nithsdale Road,55.836256,-4.270768,Urban Traffic,Central Scotland,Glasgow Urban Area,Glasgow
Glasgow Waulkmillglen Reservoir,55.79412,-4.354968,Rural Background,Central Scotland,,E Renfrewshire
Great Yarmouth South Denes,52.589847,1.733513,Urban Background,Eastern,,Great Yarmouth
Greenwich - A206 Burrage Grove,51.490532,0.074003,Urban Traffic,Greater London,Greater London Urban Area,Greenwich
Greenwich - Falconwood FDMS,51.4563,0.085606,Urban Traffic,Greater London,Greater London Urban Area,Greenwich
Greenwich - John Harrison Way,51.493775,0.01078,Unknown,Greater London,Greater London Urban Area,Greenwich
Greenwich - Millennium Village,51.492571,0.017697,Urban Industrial,Greater London,Greater London Urban Area,Greenwich
Greenwich - Plumstead High Street,51.486957,0.095111,Urban Traffic,Greater London,Greater London Urban Area,Greenwich
Greenwich - Westhorne Avenue,51.456357,0.040725,Urban Traffic,Greater London,Greater London Urban Area,Greenwich
Greenwich - Woolwich Flyover,51.486884,0.017901,Urban Traffic,Greater London,Greater London Urban Area,Greenwich
H&F Hammersmith Town Centre,51.492695,-0.224787,Urban Traffic,Greater London,Greater London Urban Area,Hammersmith
Hackney - Old Street,51.526454,-0.08491,Urban Traffic,Greater London,Greater London Urban Area,Hackney
Haringey Wood Green,51.593339,-0.106973,Urban Traffic,Greater London,Greater London Urban Area,Haringey
Havering - Rainham,51.520787,0.205461,Urban Traffic,Greater London,Greater London Urban Area,Havering
Heathrow Bath Road,51.481071,-0.442092,Urban Traffic,Greater London,Greater London Urban Area,Hillingdon
Heathrow Green Gates,51.481478,-0.486675,Suburban Industrial,Greater London,Greater London Urban Area,Hillingdon
Heathrow LHR2,51.479167,-0.440556,Suburban Industrial,Greater London,Greater London Urban Area,Hillingdon
Heathrow Oaks Road,51.459444,-0.479444,Suburban Industrial,Greater London,Greater London Urban Area,Spelthorne
Hertsmere Borehamwood Background,51.662193,-0.264313,Urban Background,Eastern,,Hertsmere
Hertsmere Borehamwood Bowling Club,51.661283,-0.270633,Urban Background,Eastern,,Hertsmere
Hertsmere Borehamwood Roadside,51.659803,-0.261916,Urban Background,Eastern,,Hertsmere
Hillingdon Harmondsworth Osiris,51.487534,-0.479451,Urban Background,Greater London,Greater London Urban Area,Hillingdon
Hitchin Stevenage Road Particulates,51.940988,-0.274431,Urban Traffic,Eastern,,N Hertfordshire
Hounslow Brentford,51.489398,-0.310081,Urban Traffic,Greater London,Greater London Urban Area,Hounslow
Hounslow Chiswick,51.492507,-0.257252,Urban Background,Greater London,Greater London Urban Area,Hounslow
Huntingdon Pathfinder House,52.327932,-0.180369,Urban Traffic,Eastern,,Huntingdonshire
Inverclyde Greenock A8,55.944079,-4.734421,Urban Traffic,Central Scotland,,Inverclyde
King's Lynn Estuary Close,52.766667,0.393611,Urban Industrial,Eastern,,Kings Lynn
King's Lynn Page Stair Lane,52.7575,0.392222,Unknown,Eastern,,Kings Lynn
King's Lynn Stoke Ferry Buckenham Drive,52.570556,0.510833,Urban Industrial,Eastern,,Kings Lynn
King's Lynn Stoke Ferry Furlong Road,52.57194,0.511944,Unknown,Eastern,,Kings Lynn
King's Lynn Stoke Ferry Wretton Road,52.570278,0.513333,Urban Industrial,Eastern,,Kings Lynn
Lancaster Cable Street,54.050833,-2.800556,Urban Traffic,North West & Merseyside,,Lancaster
Lewisham - Deptford,51.479531,-0.025261,Unknown,Greater London,Greater London Urban Area,Lewisham
Lewisham - New Cross,51.474954,-0.039641,Urban Traffic,Greater London,Greater London Urban Area,Lewisham
Lisburn Dunmurry Seymour Hill,,,,,,
Luton Airport FutureLuToN,51.887035,-0.365652,Urban Industrial,Eastern,,Luton
Luton Dunstable Road East,51.880154,-0.422144,Urban Traffic,Eastern,,Luton
Maidstone Upper Stone Street,51.26861,0.526389,Urban Traffic,South East,,Maidstone
Manchester Sharston,53.371722,-2.238917,Suburban Industrial,North West & Merseyside,Greater Manchester Urban Area,Manchester
Marlborough London Road,51.420963,-1.726842,Urban Traffic,South West,,Wiltshire
Marlborough London Road 2,51.419882,-1.725223,Urban Traffic,South West,,Wiltshire
N Lanarkshire Chapelhall,55.84581,-3.947346,Urban Traffic,Central Scotland,Glasgow Urban Area,N Lanarkshire
N Lanarkshire Coatbridge Whifflet,55.851944,-4.019444,Urban Background,Central Scotland,Glasgow Urban Area,N Lanarkshire
N Lanarkshire Coatbridge Whifflet A725,55.851402,-4.019875,Urban Traffic,Central Scotland,Glasgow Urban Area,N Lanarkshire
N Lanarkshire Croy,55.957778,-4.039444,Urban Traffic,Central Scotland,,N Lanarkshire
N Lanarkshire Kirkshaws,55.843583,-4.037413,Urban Traffic,Central Scotland,Glasgow Urban Area,N Lanarkshire
N Lanarkshire Motherwell,55.788333,-3.986389,Urban Traffic,Central Scotland,Glasgow Urban Area,N Lanarkshire
N Lanarkshire Motherwell Adele St.,55.7826,-3.98448,Urban Traffic,Central Scotland,Glasgow Urban Area,N Lanarkshire
N Lanarkshire Motherwell Civic Centre,55.783432,-3.98179,Urban Background,Central Scotland,Glasgow Urban Area,N Lanarkshire
N Lanarkshire Shawhead Coatbridge,55.843523,-4.023222,Urban Traffic,Central Scotland,Glasgow Urban Area,N Lanarkshire
Newham Cam Road,51.537598,-0.002138,Urban Traffic,Greater London,Greater London Urban Area,Newham
Newham Wren Close,51.514727,0.014554,Urban Background,Greater London,Greater London Urban Area,Newham
North Ayrshire Irvine High St,55.614578,-4.666786,Urban Traffic,Central Scotland,,N Ayrshire
North Down Holywood A2,,,,,,
North Lincs Killingholme East Halton Road,53.641667,-0.274722,Urban Industrial,Yorkshire & Humberside,,N Lincolnshire
North Lincs Santon Dawes Lane,53.595407,-0.604131,Unknown,Yorkshire & Humberside,,N Lincolnshire
North Lincs South Ferriby,53.676238,-0.518951,Unknown,Yorkshire & Humberside,,N Lincolnshire
North Lincs Tarmac,53.592673,-0.600142,Unknown,Yorkshire & Humberside,,N Lincolnshire
North Tyneside Coast Road,54.996476,-1.558763,Urban Traffic,North East,,N Tyneside
Norwich Castle Meadow,52.629444,1.296667,Urban Traffic,Eastern,,Norwich
Paisley Gordon Street,55.841836,-4.423958,Urban Traffic,Central Scotland,Glasgow Urban Area,Renfrewshire
Paisley St James St,55.848115,-4.426619,Urban Traffic,Central Scotland,Glasgow Urban Area,Renfrewshire
Perth Atholl Street,56.399327,-3.434182,Urban Traffic,North East Scotland,,Perth
Perth Bridgend,56.401501,-3.423298,Urban Traffic,North East Scotland,Glasgow Urban Area,Perth
Perth Crieff,56.373126,-3.841475,Urban Traffic,North East Scotland,,Perth
Perth High Street,56.396597,-3.4324,Urban Traffic,North East Scotland,,Perth
Perth Muirton,56.41467,-3.44964,Urban Background,North East Scotland,,Perth
Plymouth Moor Lane,50.402502,-4.181563,Urban Traffic,South West,,Plymouth
Port Talbot Prince Street 2,51.579656,-3.766465,Urban Industrial,South Wales,Swansea Urban Area,Port Talbot
RBKC Cromwell Rd,51.495504,-0.178809,Urban Traffic,Greater London,Greater London Urban Area,Kensington
Redcar Dormanstown,54.60317,-1.09784,Urban Industrial,North East,,Redcar
Renfrewshire Johnston,55.836203,-4.508783,Urban Traffic,Central Scotland,Glasgow Urban Area,Renfrewshire
Rochdale Queensway,53.599238,-2.162565,Urban Traffic,North West & Merseyside,Greater Manchester Urban Area,Rochdale
S Cambs Orchard Park School 2,52.233313,0.115403,Urban Background,Eastern,,S Cambridgeshire
Salford M60,53.503784,-2.381239,Urban Traffic,North West & Merseyside,,Salford
Scunthorpe East Common Lane Osiris,53.576889,-0.632222,Urban Background,Yorkshire & Humberside,,N Lincolnshire
Slough Colnbrook Osiris,51.480973,-0.510398,Urban Background,South East,,Slough
Slough Lakeside 1 Osiris,51.484326,-0.5085,Urban Background,South East,,Slough
Slough Lakeside 2 Osiris,51.487764,-0.502656,Urban Background,South East,,Slough
South Ayrshire Ayr Harbour,55.470162,-4.633681,Urban Traffic,Central Scotland,,S Ayrshire
South Ayrshire Ayr High St,55.464531,-4.631673,Urban Traffic,Central Scotland,,S Ayrshire
South Cambs Girton Rd,52.225556,0.087222,Urban Traffic,Eastern,,S Cambridgeshire
South Lanarkshire Blantyre,55.793907,-4.092354,Urban Traffic,Central Scotland,,S Lanarkshire
South Lanarkshire Cambuslang,55.818802,-4.167073,Urban Traffic,Central Scotland,Glasgow Urban Area,S Lanarkshire
South Lanarkshire East Kilbride,55.775278,-4.163611,Urban Traffic,Central Scotland,,S Lanarkshire
South Lanarkshire Hamilton,55.774018,-4.03736,Urban Traffic,Central Scotland,,S Lanarkshire
South Lanarkshire Lanark,55.673936,-3.775658,Urban Traffic,Central Scotland,,S Lanarkshire
South Lanarkshire Raith Interchange 2,55.798813,-4.058363,Urban Traffic,Central Scotland,Glasgow Urban Area,S Lanarkshire
South Lanarkshire Rutherglen,55.828408,-4.218786,Urban Traffic,Central Scotland,Glasgow Urban Area,S Lanarkshire
South Lanarkshire Uddingston,55.818357,-4.081839,Urban Traffic,Central Scotland,Glasgow Urban Area,S Lanarkshire
Southend Bell Junction,51.557127,0.699421,Urban Traffic,Eastern,Southend Urban Area,Southend
Spelthorne Sunbury Cross,51.42025,-0.418515,Urban Background,Greater London,Greater London Urban Area,Spelthorne
Stevenage Lytton Way,51.900528,-0.205111,Urban Traffic,Eastern,,Stevenage
Stevenage St Georges Way,51.903594,-0.200044,Urban Traffic,Eastern,,Stevenage
Stirling Craig's Roundabout,56.11472,-3.932178,Urban Traffic,North East Scotland,,Stirling
Swale Newington 4,51.35172,0.669281,Urban Traffic,South East,,Swale
Swale St Pauls Street,51.346805,0.730639,Urban Traffic,South East,,Swale
Swansea Morriston Roadside,51.662122,-3.921301,Urban Traffic,South Wales,Swansea Urban Area,Swansea
Swansea Port Tennant Roadside,51.621638,-3.927318,Urban Traffic,South Wales,Swansea Urban Area,Swansea
Tameside A635 Manchester Road,53.482437,-2.113912,Urban Traffic,North West & Merseyside,Greater Manchester Urban Area,Tameside
Tower Hamlets - Blackwall,51.515046,-0.008418,Urban Traffic,Greater London,Greater London Urban Area,Tower Hamlets
Tower Hamlets - Roadside,51.52253,-0.042155,Urban Traffic,Greater London,Greater London Urban Area,Tower Hamlets
Tower Hamlets - Victoria Park,51.540519,-0.033307,Urban Background,Greater London,Greater London Urban Area,Tower Hamlets
Twynyrodyn,51.744444,-3.365833,Urban Industrial,South Wales,,Merthyr Tydfil
Wakefield City - Park Street,53.678739,-1.491022,Urban Traffic,Yorkshire & Humberside,West Yorkshire Urban Area,Wakefield
Waltham Forest Dawlish Rd,51.562376,-0.004898,Urban Background,Greater London,Greater London Urban Area,Waltham Forest
Watford Town Hall,51.6592,-0.402863,Urban Traffic,Greater London,Greater London Urban Area,Watford
Welwyn Hatfield,51.767563,-0.214824,Urban Traffic,Eastern,,Welwyn Hatfield
West Dunbartonshire Clydebank,55.91796,-4.406231,Urban Traffic,Central Scotland,Glasgow Urban Area,W Dunbartonshire
West Lothian Broxburn,55.934357,-3.46919,Urban Traffic,Central Scotland,,W Lothian
West Lothian Linlithgow High Street 2,55.97671,-3.59731,Urban Traffic,Central Scotland,,W Lothian
West Lothian Newton,55.983925,-3.455939,Urban Traffic,Central Scotland,,W Lothian
"Westbury, Slag Lane",51.269193,-2.193072,Urban Traffic,South West,,Wiltshire
Westminster - Elizabeth Bridge,51.492248,-0.147115,Unknown,Greater London,Greater London Urban Area,Westminster
Wigan Leigh 3,53.497759,-2.518731,Urban Traffic,North West & Merseyside,Greater Manchester Urban Area,Wigan
Winchester St Georges Street,51.063056,-1.315556,Urban Traffic,South East,,Winchester
Wrexham Chirk,52.93742,-3.053129,Urban Industrial,North Wales,,Wrexham
York Gillygate,53.96367,-1.08469,Urban Traffic,Yorkshire & Humberside,,York
